"";"target.row";"dist.to.feature";"feature.name";"feature.strand";"chr";"start";"end";"strand";"pvalue";"qvalue";"meth.diff";"dif.met";"ENTREZID";"GENENAME";"SYMBOL"
"1";3;627;"NM_001033582";"+";"chr1";2036780;2036780;"*";8,93287752532453e-05;0,0195656883601676;37,585179427387;"HYPER";"5590";"protein kinase C zeta";"PRKCZ"
"2";4;639;"NM_001033582";"+";"chr1";2036792;2036792;"*";2,30246588403154e-05;0,0132054987186185;31,0300041672455;"HYPER";"5590";"protein kinase C zeta";"PRKCZ"
"3";5;681;"NM_001033582";"+";"chr1";2036834;2036834;"*";0,000141262648199352;0,0236281022923592;26,1063997719423;"HYPER";"5590";"protein kinase C zeta";"PRKCZ"
"4";13;637;"NM_003790";"-";"chr1";6525619;6525619;"*";8,57240061976805e-05;0,0192094309580356;-24,7403306594358;"HYPO";"8718";"TNF receptor superfamily member 25";"TNFRSF25"
"5";14;606;"NM_003790";"-";"chr1";6525650;6525650;"*";0,000212278108829172;0,0290021234502681;-25,4850208157601;"HYPO";"8718";"TNF receptor superfamily member 25";"TNFRSF25"
"6";15;594;"NM_003790";"-";"chr1";6525662;6525662;"*";0,000112845696997346;0,0217721081029724;-28,4146504102704;"HYPO";"8718";"TNF receptor superfamily member 25";"TNFRSF25"
"7";16;574;"NM_003790";"-";"chr1";6525682;6525682;"*";0,000122261862063848;0,0223298451647771;-29,6637440986608;"HYPO";"8718";"TNF receptor superfamily member 25";"TNFRSF25"
"8";23;802;"NM_004350";"-";"chr1";25255969;25255969;"*";0,000638712695085994;0,0477321064190095;-32,7835614301868;"HYPO";"864";"RUNX family transcription factor 3";"RUNX3"
"9";24;799;"NM_004350";"-";"chr1";25255972;25255972;"*";0,000518367032740841;0,0423577840975412;-33,2853887962527;"HYPO";"864";"RUNX family transcription factor 3";"RUNX3"
"10";25;707;"NM_032513";"-";"chr1";26371898;26371898;"*";0,000368575987283452;0,0358614865006376;-30,4093926727317;"HYPO";"7780";"solute carrier family 30 member 2";"SLC30A2"
"11";26;665;"NM_032513";"-";"chr1";26371940;26371940;"*";0,000658131802740891;0,0480713647672369;-25,686630369026;"HYPO";"7780";"solute carrier family 30 member 2";"SLC30A2"
"12";27;635;"NM_032513";"-";"chr1";26371970;26371970;"*";0,000655128227290482;0,0480713647672369;-28,7525005173484;"HYPO";"7780";"solute carrier family 30 member 2";"SLC30A2"
"13";28;585;"NM_032513";"-";"chr1";26372020;26372020;"*";0,000219428952219274;0,0295934481810169;-29,4900806150919;"HYPO";"7780";"solute carrier family 30 member 2";"SLC30A2"
"14";45;349;"NM_001297667";"-";"chr1";51763285;51763285;"*";0,000620498785731999;0,0470067175394605;34,0993726974012;"HYPER";"22996";"tetratricopeptide repeat domain 39A";"TTC39A"
"15";46;302;"NM_001297667";"-";"chr1";51763332;51763332;"*";0,000275553665660102;0,0325993290682054;34,7226890756303;"HYPER";"22996";"tetratricopeptide repeat domain 39A";"TTC39A"
"16";47;280;"NM_001297667";"-";"chr1";51763354;51763354;"*";7,44519315298464e-05;0,0186721768660452;34,2910092421948;"HYPER";"22996";"tetratricopeptide repeat domain 39A";"TTC39A"
"17";48;258;"NM_001297667";"-";"chr1";51763376;51763376;"*";0,000195119556616134;0,0279926968307776;37,3205544815104;"HYPER";"22996";"tetratricopeptide repeat domain 39A";"TTC39A"
"18";49;340;"NM_001164835";"+";"chr1";62660812;62660812;"*";0,000494390586163129;0,0413259459555757;-24,0780288783349;"HYPO";"54596";"LINE1 type transposase domain containing 1";"L1TD1"
"19";50;489;"NM_006492";"-";"chr1";110612834;110612834;"*";0,000278270594025277;0,0326866962683482;-25,6747969402112;"HYPO";"257";"ALX homeobox 3";"ALX3"
"20";56;805;"NM_001300889";"+";"chr1";231299477;231299477;"*";6,4130218300699e-06;0,00851589008647982;-38,6015325670498;"HYPO";"440730";"tripartite motif containing 67";"TRIM67"
"21";57;814;"NM_001300889";"+";"chr1";231299486;231299486;"*";6,86561301391759e-05;0,0183488231842599;-37,8105012643165;"HYPO";"440730";"tripartite motif containing 67";"TRIM67"
"22";58;871;"NM_001300889";"+";"chr1";231299543;231299543;"*";0,000420214561558204;0,0380163676793542;-26,9574825507258;"HYPO";"440730";"tripartite motif containing 67";"TRIM67"
"23";62;839;"NM_018027";"-";"chr10";14372028;14372028;"*";0,0003923476863261;0,0370485589963229;-27,4906227140434;"HYPO";"55691";"FERM domain containing 4A";"FRMD4A"
"24";67;-286;"NM_004273";"+";"chr10";73723834;73723834;"*";0,000553276790018012;0,0439169105449992;-34,7589514066496;"HYPO";"9469";"carbohydrate sulfotransferase 3";"CHST3"
"25";79;996;"NM_001380";"+";"chr10";128594972;128594972;"*";0,000137565133322427;0,023366821567438;36,7552544728157;"HYPER";"1793";"dedicator of cytokinesis 1";"DOCK1"
"26";83;689;"NM_207426";"+";"chr10";129536225;129536225;"*";7,08435495113488e-05;0,0184426604715746;-24,5380182189998;"HYPO";"399823";"forkhead box I2";"FOXI2"
"27";84;710;"NM_207426";"+";"chr10";129536246;129536246;"*";0,00030617084373064;0,0335303114613431;-25,2387631069258;"HYPO";"399823";"forkhead box I2";"FOXI2"
"28";85;712;"NM_207426";"+";"chr10";129536248;129536248;"*";0,000200367735031207;0,0284034671007012;-26,0635635635636;"HYPO";"399823";"forkhead box I2";"FOXI2"
"29";86;723;"NM_207426";"+";"chr10";129536259;129536259;"*";9,7620107883019e-05;0,0203699255329122;-26,043601366358;"HYPO";"399823";"forkhead box I2";"FOXI2"
"30";87;726;"NM_207426";"+";"chr10";129536262;129536262;"*";0,000181199427977043;0,027045776799058;-25,4949000407997;"HYPO";"399823";"forkhead box I2";"FOXI2"
"31";89;16;"NM_021920";"-";"chr11";627158;627158;"*";0,000131738063838199;0,0228230528426642;-45,7977207977208;"HYPO";"6343";"secretin";"SCT"
"32";90;-4;"NM_021920";"-";"chr11";627176;627176;"*";0,000104484112947175;0,0212106389844192;-45,3301127214171;"HYPO";"6343";"secretin";"SCT"
"33";101;51;"NM_001030010";"+";"chr11";67777824;67777824;"*";6,19951915144192e-05;0,0182181228364282;21,9130088755861;"HYPER";"221";"aldehyde dehydrogenase 3 family member B1";"ALDH3B1"
"34";117;65;"NM_002273";"-";"chr12";53298804;53298804;"*";0,000551947303247951;0,0438711511348324;27,1909959409959;"HYPER";"3856";"keratin 8";"KRT8"
"35";119;-543;"NM_001002031";"-";"chr12";54071054;54071054;"*";0,000588324854212771;0,0456417878244267;-31,3083335312418;"HYPO";"517";"ATP synthase membrane subunit c locus 2";"ATP5MC2"
"36";130;-191;"NR_033834";"-";"chr12";130646413;130646413;"*";0,000556334553662963;0,0440148811847323;-21,6940144687386;"HYPO";"440119";"FZD10 antisense divergent transcript";"FZD10-AS1"
"37";131;-386;"NR_033834";"-";"chr12";130646608;130646608;"*";0,000287384323619089;0,0332874462479033;-32,2983303050177;"HYPO";"440119";"FZD10 antisense divergent transcript";"FZD10-AS1"
"38";144;-154;"NM_022137";"+";"chr14";70345960;70345960;"*";0,000339734730596842;0,0347866869490918;-29,3037844809897;"HYPO";"64093";"SPARC related modular calcium binding 1";"SMOC1"
"39";160;738;"NM_001004439";"-";"chr15";68723755;68723755;"*";3,36503598683355e-05;0,0148525550503709;-32,5798109505975;"HYPO";"22801";"integrin subunit alpha 11";"ITGA11"
"40";161;159;"NM_001717";"-";"chr15";83953310;83953310;"*";0,000158718299269878;0,0251283846523414;-31,6157760814249;"HYPO";"646";"basonuclin 1";"BNC1"
"41";162;-215;"NM_001717";"-";"chr15";83953682;83953682;"*";0,000619049052345167;0,0470067175394605;-27,2722815962349;"HYPO";"646";"basonuclin 1";"BNC1"
"42";166;-3;"NM_005331";"+";"chr16";230330;230330;"*";0,000451484023219455;0,0393275751404259;-34,7585467441956;"HYPO";"3049";"hemoglobin subunit theta 1";"HBQ1"
"43";167;-416;"NM_004424";"+";"chr16";2273073;2273073;"*";0,000133604755030021;0,0229735753198906;-29,791141156291;"HYPO";"1877";"E4F transcription factor 1";"E4F1"
"44";168;390;"NM_001301680";"+";"chr16";2286856;2286856;"*";0,000303570398895716;0,0335303114613431;-24,2380138494881;"HYPO";"1775";"deoxyribonuclease 1 like 2";"DNASE1L2"
"45";169;400;"NM_001301680";"+";"chr16";2286866;2286866;"*";0,000259333716433066;0,0315434258597564;-26,2359705295049;"HYPO";"1775";"deoxyribonuclease 1 like 2";"DNASE1L2"
"46";170;403;"NM_001301680";"+";"chr16";2286869;2286869;"*";0,00010289128077689;0,0210338659670989;-28,9461622536403;"HYPO";"1775";"deoxyribonuclease 1 like 2";"DNASE1L2"
"47";171;414;"NM_001301680";"+";"chr16";2286880;2286880;"*";0,000639027891367055;0,0477321064190095;-24,7540472912542;"HYPO";"1775";"deoxyribonuclease 1 like 2";"DNASE1L2"
"48";172;424;"NM_001301680";"+";"chr16";2286890;2286890;"*";0,000269248480772057;0,0321469903769183;-26,3107589762938;"HYPO";"1775";"deoxyribonuclease 1 like 2";"DNASE1L2"
"49";173;448;"NM_001301680";"+";"chr16";2286914;2286914;"*";0,000116261918597202;0,0219212035641105;-27,5342874180083;"HYPO";"1775";"deoxyribonuclease 1 like 2";"DNASE1L2"
"50";174;465;"NM_001301680";"+";"chr16";2286931;2286931;"*";0,000183927711382135;0,0273199915553659;-29,8286812793305;"HYPO";"1775";"deoxyribonuclease 1 like 2";"DNASE1L2"
"51";175;471;"NM_001301680";"+";"chr16";2286937;2286937;"*";0,000679809194402055;0,0487171504111347;-31,554521788007;"HYPO";"1775";"deoxyribonuclease 1 like 2";"DNASE1L2"
"52";176;472;"NM_001301680";"+";"chr16";2286938;2286938;"*";0,000119824821810765;0,0221626468836153;-28,3885142287922;"HYPO";"1775";"deoxyribonuclease 1 like 2";"DNASE1L2"
"53";177;478;"NM_001301680";"+";"chr16";2286944;2286944;"*";5,01484880007216e-05;0,0166957211879888;-30,8994708994709;"HYPO";"1775";"deoxyribonuclease 1 like 2";"DNASE1L2"
"54";178;490;"NM_001301680";"+";"chr16";2286956;2286956;"*";0,000156106377804147;0,0251096974140048;-28,7662565905097;"HYPO";"1775";"deoxyribonuclease 1 like 2";"DNASE1L2"
"55";179;491;"NM_001301680";"+";"chr16";2286957;2286957;"*";0,000610733532354342;0,0467576308305239;-31,7585799175358;"HYPO";"1775";"deoxyribonuclease 1 like 2";"DNASE1L2"
"56";180;492;"NM_001301680";"+";"chr16";2286958;2286958;"*";1,73719988942514e-05;0,0115014477224645;-32,0471297744025;"HYPO";"1775";"deoxyribonuclease 1 like 2";"DNASE1L2"
"57";181;505;"NM_001301680";"+";"chr16";2286971;2286971;"*";6,6626077344156e-05;0,0182798600940699;-27,8842293638535;"HYPO";"1775";"deoxyribonuclease 1 like 2";"DNASE1L2"
"58";192;-13;"NM_002738";"+";"chr16";23847287;23847287;"*";9,9096497340456e-05;0,0204736174753534;-44,2894550081981;"HYPO";"5579";"protein kinase C beta";"PRKCB"
"59";193;-3;"NM_002738";"+";"chr16";23847297;23847297;"*";5,80892436363093e-06;0,00851589008647982;-47,7928836962294;"HYPO";"5579";"protein kinase C beta";"PRKCB"
"60";194;9;"NM_212535";"+";"chr16";23847307;23847307;"*";0,000356842345453813;0,0353577359367858;-33,486311125178;"HYPO";"5579";"protein kinase C beta";"PRKCB"
"61";195;13;"NM_212535";"+";"chr16";23847311;23847311;"*";0,000130201976818008;0,0227802629830954;-35,6502989316868;"HYPO";"5579";"protein kinase C beta";"PRKCB"
"62";196;27;"NM_212535";"+";"chr16";23847325;23847325;"*";5,96002485368601e-05;0,0180197182899271;-37,5793968250908;"HYPO";"5579";"protein kinase C beta";"PRKCB"
"63";197;40;"NM_212535";"+";"chr16";23847338;23847338;"*";5,23807935635788e-05;0,0171438423039326;-39,8028525147169;"HYPO";"5579";"protein kinase C beta";"PRKCB"
"64";198;46;"NM_212535";"+";"chr16";23847344;23847344;"*";0,000374793385633543;0,0360333535210915;-35,9619073718827;"HYPO";"5579";"protein kinase C beta";"PRKCB"
"65";199;48;"NM_212535";"+";"chr16";23847346;23847346;"*";4,86469519991216e-05;0,0164783064963536;-43,8623106134753;"HYPO";"5579";"protein kinase C beta";"PRKCB"
"66";200;50;"NM_212535";"+";"chr16";23847348;23847348;"*";7,4685139749611e-05;0,0186721768660452;-41,3008607198748;"HYPO";"5579";"protein kinase C beta";"PRKCB"
"67";201;53;"NM_212535";"+";"chr16";23847351;23847351;"*";0,000113976399220874;0,0217721081029724;-40,9074893317152;"HYPO";"5579";"protein kinase C beta";"PRKCB"
"68";202;55;"NM_212535";"+";"chr16";23847353;23847353;"*";4,33478625925782e-05;0,0161893151946717;-43,2823480777181;"HYPO";"5579";"protein kinase C beta";"PRKCB"
"69";203;59;"NM_212535";"+";"chr16";23847357;23847357;"*";2,31384443230142e-05;0,0132054987186185;-41,6864111498258;"HYPO";"5579";"protein kinase C beta";"PRKCB"
"70";204;68;"NM_212535";"+";"chr16";23847366;23847366;"*";7,00025099286183e-05;0,0184426604715746;-37,9697106012895;"HYPO";"5579";"protein kinase C beta";"PRKCB"
"71";205;71;"NM_212535";"+";"chr16";23847369;23847369;"*";3,79629376422776e-05;0,0155760329078477;-43,7324583543665;"HYPO";"5579";"protein kinase C beta";"PRKCB"
"72";206;82;"NM_212535";"+";"chr16";23847380;23847380;"*";7,51152396865928e-05;0,0186721768660452;-41,435180204411;"HYPO";"5579";"protein kinase C beta";"PRKCB"
"73";207;86;"NM_212535";"+";"chr16";23847384;23847384;"*";0,000296858474910184;0,0334162111431057;-35,9186871185882;"HYPO";"5579";"protein kinase C beta";"PRKCB"
"74";208;88;"NM_212535";"+";"chr16";23847386;23847386;"*";4,69741898938915e-05;0,0164314151780729;-38,2833135750088;"HYPO";"5579";"protein kinase C beta";"PRKCB"
"75";209;418;"NM_212535";"+";"chr16";23847716;23847716;"*";9,50478989215129e-05;0,0202845446408981;-27,7904223279766;"HYPO";"5579";"protein kinase C beta";"PRKCB"
"76";210;421;"NM_212535";"+";"chr16";23847719;23847719;"*";0,000619429288800071;0,0470067175394605;-25,3934110721159;"HYPO";"5579";"protein kinase C beta";"PRKCB"
"77";211;483;"NM_212535";"+";"chr16";23847781;23847781;"*";7,87785618257499e-05;0,0189880779267387;-33,6509504987766;"HYPO";"5579";"protein kinase C beta";"PRKCB"
"78";212;485;"NM_212535";"+";"chr16";23847783;23847783;"*";0,000170898262249957;0,0262714368211266;-27,8482109023981;"HYPO";"5579";"protein kinase C beta";"PRKCB"
"79";213;491;"NM_212535";"+";"chr16";23847789;23847789;"*";0,000219204924523228;0,0295934481810169;-30,0692167577413;"HYPO";"5579";"protein kinase C beta";"PRKCB"
"80";259;522;"NM_021939";"+";"chr17";39969482;39969482;"*";0,000179611115246499;0,0269010354665591;29,5551020408163;"HYPER";"60681";"FKBP prolyl isomerase 10";"FKBP10"
"81";260;523;"NM_021939";"+";"chr17";39969483;39969483;"*";1,42008120126556e-05;0,0111806447227208;39,2484455258178;"HYPER";"60681";"FKBP prolyl isomerase 10";"FKBP10"
"82";261;537;"NM_021939";"+";"chr17";39969497;39969497;"*";0,000117285214878951;0,0219612444030901;27,3065799352882;"HYPER";"60681";"FKBP prolyl isomerase 10";"FKBP10"
"83";262;580;"NM_021939";"+";"chr17";39969540;39969540;"*";1,49964056684875e-05;0,0112099378122961;35,3828854015233;"HYPER";"60681";"FKBP prolyl isomerase 10";"FKBP10"
"84";263;588;"NM_021939";"+";"chr17";39969548;39969548;"*";6,31482244624928e-05;0,0182181228364282;43,3645500228415;"HYPER";"60681";"FKBP prolyl isomerase 10";"FKBP10"
"85";264;594;"NM_021939";"+";"chr17";39969554;39969554;"*";9,11951055993648e-07;0,00483019022039108;44,8051466498572;"HYPER";"60681";"FKBP prolyl isomerase 10";"FKBP10"
"86";265;608;"NM_021939";"+";"chr17";39969568;39969568;"*";0,00070857881347454;0,0499192488883357;38,1275614754098;"HYPER";"60681";"FKBP prolyl isomerase 10";"FKBP10"
"87";266;-728;"NM_001145080";"+";"chr17";42733034;42733034;"*";0,000387034512182222;0,0368307108718329;29,8993391927359;"HYPER";"284071";"meiosis specific with coiled-coil domain";"MEIOC"
"88";267;-693;"NM_001145080";"+";"chr17";42733069;42733069;"*";4,55711289740221e-05;0,0163344805661357;34,4547448165869;"HYPER";"284071";"meiosis specific with coiled-coil domain";"MEIOC"
"89";268;655;"NM_005497";"-";"chr17";42906953;42906953;"*";0,000637494681986753;0,0477321064190095;-29,7125399250104;"HYPO";"10052";"gap junction protein gamma 1";"GJC1"
"90";269;679;"NM_005892";"+";"chr17";43299969;43299969;"*";0,000685517298543578;0,0489455990781201;-28,4467713787086;"HYPO";"752";"formin like 1";"FMNL1"
"91";270;683;"NM_005892";"+";"chr17";43299973;43299973;"*";0,000353955909900797;0,0353577359367858;-29,0898040898041;"HYPO";"752";"formin like 1";"FMNL1"
"92";271;685;"NM_005892";"+";"chr17";43299975;43299975;"*";0,000672603067572342;0,0486797514570184;-30,671031960818;"HYPO";"752";"formin like 1";"FMNL1"
"93";286;-374;"NM_003255";"-";"chr17";76921845;76921845;"*";0,000169496420146103;0,0261941655982818;-35,0351569199108;"HYPO";"7077";"TIMP metallopeptidase inhibitor 2";"TIMP2"
"94";287;-375;"NM_003255";"-";"chr17";76921846;76921846;"*";0,000361501947095989;0,0355092507336154;-31,2195008732687;"HYPO";"7077";"TIMP metallopeptidase inhibitor 2";"TIMP2"
"95";288;-383;"NM_003255";"-";"chr17";76921854;76921854;"*";0,000158095823411265;0,0251283846523414;-30,6267806267806;"HYPO";"7077";"TIMP metallopeptidase inhibitor 2";"TIMP2"
"96";315;-870;"NM_172389";"+";"chr18";77159404;77159404;"*";0,000432585658741428;0,0385139482492855;-34,8664029603164;"HYPO";"4772";"nuclear factor of activated T cells 1";"NFATC1"
"97";316;-868;"NM_172389";"+";"chr18";77159406;77159406;"*";3,98028422361405e-05;0,0159109084441228;-37,2813244700865;"HYPO";"4772";"nuclear factor of activated T cells 1";"NFATC1"
"98";317;-858;"NM_172389";"+";"chr18";77159416;77159416;"*";6,36174413914275e-05;0,0182181228364282;-32,9979623025981;"HYPO";"4772";"nuclear factor of activated T cells 1";"NFATC1"
"99";338;766;"NM_024103";"-";"chr19";6459016;6459016;"*";0,000167780523530985;0,0260706758575457;32,0114942528736;"HYPER";"79085";"solute carrier family 25 member 23";"SLC25A23"
"100";361;271;"NM_199235";"+";"chr2";3642691;3642691;"*";0,000510650723543422;0,0419626691891211;-27,9632505175983;"HYPO";"78989";"collectin subfamily member 11";"COLEC11"
"101";362;292;"NM_199235";"+";"chr2";3642712;3642712;"*";0,000336255468218456;0,0346518164496215;-33,5442186027729;"HYPO";"78989";"collectin subfamily member 11";"COLEC11"
"102";396;960;"NM_198582";"+";"chr2";239048321;239048321;"*";0,000418103025598202;0,0379510282846208;-22,5442834138486;"HYPO";"377007";"kelch like family member 30";"KLHL30"
"103";397;965;"NM_198582";"+";"chr2";239048326;239048326;"*";0,000674782559736117;0,0486967617331316;-24,1262385321101;"HYPO";"377007";"kelch like family member 30";"KLHL30"
"104";398;1000;"NM_198582";"+";"chr2";239048361;239048361;"*";0,000505551057184657;0,0417201355434738;-21,8756801741246;"HYPO";"377007";"kelch like family member 30";"KLHL30"
"105";417;-341;"NM_052846";"-";"chr20";39995838;39995838;"*";0,000479909419729291;0,040758721009137;-24,0952043672045;"HYPO";"90187";"elastin microfibril interfacer 3";"EMILIN3"
"106";418;-350;"NM_052846";"-";"chr20";39995847;39995847;"*";0,000675345567958022;0,0486967617331316;-25,0491144233322;"HYPO";"90187";"elastin microfibril interfacer 3";"EMILIN3"
"107";426;-906;"NM_017495";"+";"chr20";55965548;55965548;"*";1,04533009631862e-06;0,00507525183930963;-46,0012621400762;"HYPO";"55544";"RNA binding motif protein 38";"RBM38"
"108";427;-734;"NM_017495";"+";"chr20";55965720;55965720;"*";4,30103709888131e-05;0,0161893151946717;-37,493476540799;"HYPO";"55544";"RNA binding motif protein 38";"RBM38"
"109";435;275;"NR_052004";"-";"chr21";46829706;46829706;"*";3,21345261489257e-05;0,0145133469960365;-25,8814560701353;"HYPO";"100874236";"COL18A1 antisense RNA 2";"COL18A1-AS2"
"110";436;271;"NR_052004";"-";"chr21";46829710;46829710;"*";0,000168227126011338;0,0260706758575457;-27,7152515410618;"HYPO";"100874236";"COL18A1 antisense RNA 2";"COL18A1-AS2"
"111";437;158;"NR_052004";"-";"chr21";46829823;46829823;"*";0,000275848224067579;0,0325993290682054;-23,6333548248442;"HYPO";"100874236";"COL18A1 antisense RNA 2";"COL18A1-AS2"
"112";446;502;"NR_106959";"-";"chr22";32017016;32017016;"*";0,000486022793316115;0,0410154579465494;21,6766616691654;"HYPER";"102465666";"microRNA 7109";"MIR7109"
"113";447;428;"NR_106959";"-";"chr22";32017090;32017090;"*";0,000235962131176593;0,0306866644790416;23,9711375879832;"HYPER";"102465666";"microRNA 7109";"MIR7109"
"114";449;951;"NM_001166343";"-";"chr22";37881475;37881475;"*";0,000518222367039063;0,0423577840975412;-25,3302958384628;"HYPO";"4242";"MFNG O-fucosylpeptide 3-beta-N-acetylglucosaminyltransferase";"MFNG"
"115";450;950;"NM_001166343";"-";"chr22";37881476;37881476;"*";1,28404385359204e-05;0,0106872804282828;-34,9200475453587;"HYPO";"4242";"MFNG O-fucosylpeptide 3-beta-N-acetylglucosaminyltransferase";"MFNG"
"116";451;930;"NM_001166343";"-";"chr22";37881496;37881496;"*";1,56484051156126e-05;0,0112099378122961;-33,5636424618481;"HYPO";"4242";"MFNG O-fucosylpeptide 3-beta-N-acetylglucosaminyltransferase";"MFNG"
"117";454;867;"NM_013327";"+";"chr22";44421022;44421022;"*";9,64805809363568e-05;0,0202929660884983;-27,5557715923046;"HYPO";"29780";"parvin beta";"PARVB"
"118";462;-667;"NM_001144382";"+";"chr3";16925785;16925785;"*";0,000662062750726089;0,0482767208796038;-39,5579268292683;"HYPO";"23228";"phospholipase C like 2";"PLCL2"
"119";463;-647;"NM_001144382";"+";"chr3";16925805;16925805;"*";8,41103697169686e-05;0,0190369664518375;-41,6965982224946;"HYPO";"23228";"phospholipase C like 2";"PLCL2"
"120";464;-643;"NM_001144382";"+";"chr3";16925809;16925809;"*";0,000116119120820652;0,0219212035641105;-39,875730994152;"HYPO";"23228";"phospholipase C like 2";"PLCL2"
"121";470;-434;"NM_007085";"-";"chr3";120170351;120170351;"*";0,000495664420026847;0,0413555033431688;-20,3261220536003;"HYPO";"11167";"follistatin like 1";"FSTL1"
"122";472;834;"NM_031913";"+";"chr3";138154247;138154247;"*";0,000281360925354707;0,0327853004660318;-25,2414538060745;"HYPO";"83850";"extended synaptotagmin 3";"ESYT3"
"123";474;-855;"NM_001007225";"-";"chr3";185543681;185543681;"*";0,000110104039814141;0,0217490788126805;-26,8047868918696;"HYPO";"10644";"insulin like growth factor 2 mRNA binding protein 2";"IGF2BP2"
"124";475;-865;"NM_001007225";"-";"chr3";185543691;185543691;"*";5,63659008449246e-05;0,017472403913205;-33,4458674761923;"HYPO";"10644";"insulin like growth factor 2 mRNA binding protein 2";"IGF2BP2"
"125";476;-870;"NM_001007225";"-";"chr3";185543696;185543696;"*";0,000703655097685854;0,0497528559482685;-26,4054340532708;"HYPO";"10644";"insulin like growth factor 2 mRNA binding protein 2";"IGF2BP2"
"126";477;-960;"NM_001007225";"-";"chr3";185543786;185543786;"*";0,000500581639792124;0,041427397013592;-27,5147841294778;"HYPO";"10644";"insulin like growth factor 2 mRNA binding protein 2";"IGF2BP2"
"127";478;-973;"NM_001007225";"-";"chr3";185543799;185543799;"*";9,1494715705435e-05;0,0197432041719632;-21,326061707822;"HYPO";"10644";"insulin like growth factor 2 mRNA binding protein 2";"IGF2BP2"
"128";479;-979;"NM_001007225";"-";"chr3";185543805;185543805;"*";0,000242532782192214;0,0309878178861464;-27,8767375494799;"HYPO";"10644";"insulin like growth factor 2 mRNA binding protein 2";"IGF2BP2"
"129";480;-989;"NM_001007225";"-";"chr3";185543815;185543815;"*";0,000315444009456476;0,0338289229011972;-21,9367193008474;"HYPO";"10644";"insulin like growth factor 2 mRNA binding protein 2";"IGF2BP2"
"130";481;-996;"NM_001007225";"-";"chr3";185543822;185543822;"*";0,000571971083032339;0,0450326746481488;-23,7329712208156;"HYPO";"10644";"insulin like growth factor 2 mRNA binding protein 2";"IGF2BP2"
"131";487;304;"NM_012445";"-";"chr4";1166354;1166354;"*";0,000704927255649912;0,0497823900226366;-28,2329372754905;"HYPO";"10417";"spondin 2";"SPON2"
"132";503;-178;"NM_198253";"-";"chr5";1295339;1295339;"*";0,000332856485666366;0,0345966768187759;-26,7494561276287;"HYPO";"7015";"telomerase reverse transcriptase";"TERT"
"133";504;-192;"NM_198253";"-";"chr5";1295353;1295353;"*";5,65972979430582e-06;0,00851589008647982;-39,4456289978678;"HYPO";"7015";"telomerase reverse transcriptase";"TERT"
"134";505;-194;"NM_198253";"-";"chr5";1295355;1295355;"*";5,0133002461093e-05;0,0166957211879888;-33,8092821044733;"HYPO";"7015";"telomerase reverse transcriptase";"TERT"
"135";506;-204;"NM_198253";"-";"chr5";1295365;1295365;"*";6,63743196298845e-05;0,0182798600940699;-29,3103448275862;"HYPO";"7015";"telomerase reverse transcriptase";"TERT"
"136";507;-213;"NM_198253";"-";"chr5";1295374;1295374;"*";0,000534661059746048;0,043329784291849;-30,8724142361557;"HYPO";"7015";"telomerase reverse transcriptase";"TERT"
"137";508;-214;"NM_198253";"-";"chr5";1295375;1295375;"*";6,54953205966896e-05;0,0182798600940699;-29,7954144620811;"HYPO";"7015";"telomerase reverse transcriptase";"TERT"
"138";509;-215;"NM_198253";"-";"chr5";1295376;1295376;"*";9,23533930011329e-05;0,0198549571329594;-34,8000486203963;"HYPO";"7015";"telomerase reverse transcriptase";"TERT"
"139";510;-216;"NM_198253";"-";"chr5";1295377;1295377;"*";1,06924383263715e-05;0,00974175240530123;-39,5401156250817;"HYPO";"7015";"telomerase reverse transcriptase";"TERT"
"140";511;-232;"NM_198253";"-";"chr5";1295393;1295393;"*";0,000221532709164826;0,029739490095302;-27,8048177123597;"HYPO";"7015";"telomerase reverse transcriptase";"TERT"
"141";512;-233;"NM_198253";"-";"chr5";1295394;1295394;"*";1,89836885548631e-05;0,0118927705654132;-32,7194423546391;"HYPO";"7015";"telomerase reverse transcriptase";"TERT"
"142";513;-244;"NM_198253";"-";"chr5";1295405;1295405;"*";5,33458130881171e-05;0,0171438423039326;-31,8085524922071;"HYPO";"7015";"telomerase reverse transcriptase";"TERT"
"143";514;-250;"NM_198253";"-";"chr5";1295411;1295411;"*";2,60986262226191e-05;0,0134562669113472;-36,4158829676071;"HYPO";"7015";"telomerase reverse transcriptase";"TERT"
"144";515;-261;"NM_198253";"-";"chr5";1295422;1295422;"*";3,4741504683375e-05;0,0149554271204282;-32,375678119349;"HYPO";"7015";"telomerase reverse transcriptase";"TERT"
"145";516;-271;"NM_198253";"-";"chr5";1295432;1295432;"*";0,00013970556148369;0,0235360599638477;-22,1441509874956;"HYPO";"7015";"telomerase reverse transcriptase";"TERT"
"146";521;-28;"NM_001801";"-";"chr5";115152432;115152432;"*";0,000418746315643113;0,0379510282846208;-29,0531475748194;"HYPO";"1036";"cysteine dioxygenase type 1";"CDO1"
"147";522;-972;"NM_016463";"+";"chr5";139027329;139027329;"*";0,000106273259453842;0,021424542014878;20,0941754797866;"HYPER";"51523";"CXXC finger protein 5";"CXXC5"
"148";544;154;"NM_052863";"-";"chr5";180018334;180018334;"*";0,00057687888636126;0,0452966545514551;-42,0779914529914;"HYPO";"92304";"secretoglobin family 3A member 1";"SCGB3A1"
"149";545;136;"NM_052863";"-";"chr5";180018352;180018352;"*";0,00047852947380799;0,0407008528510965;-43,5993740219092;"HYPO";"92304";"secretoglobin family 3A member 1";"SCGB3A1"
"150";546;131;"NM_052863";"-";"chr5";180018357;180018357;"*";0,000204749033180616;0,0285384884477728;-47,5689223057644;"HYPO";"92304";"secretoglobin family 3A member 1";"SCGB3A1"
"151";547;106;"NM_052863";"-";"chr5";180018382;180018382;"*";0,000278068832872601;0,0326866962683482;-36,4954112196418;"HYPO";"92304";"secretoglobin family 3A member 1";"SCGB3A1"
"152";548;102;"NM_052863";"-";"chr5";180018386;180018386;"*";6,81692997475854e-05;0,0183488231842599;-40,9355692850838;"HYPO";"92304";"secretoglobin family 3A member 1";"SCGB3A1"
"153";549;100;"NM_052863";"-";"chr5";180018388;180018388;"*";6,36604756588737e-05;0,0182181228364282;-42,6690951237685;"HYPO";"92304";"secretoglobin family 3A member 1";"SCGB3A1"
"154";550;-187;"NM_052863";"-";"chr5";180018673;180018673;"*";0,000113552174486599;0,0217721081029724;-33,4370175980241;"HYPO";"92304";"secretoglobin family 3A member 1";"SCGB3A1"
"155";551;-208;"NM_052863";"-";"chr5";180018694;180018694;"*";1,60876590847888e-05;0,0112927613686502;-41,5123790439529;"HYPO";"92304";"secretoglobin family 3A member 1";"SCGB3A1"
"156";552;-237;"NM_052863";"-";"chr5";180018723;180018723;"*";6,71559079341825e-05;0,0182833528414081;-37,6600061852715;"HYPO";"92304";"secretoglobin family 3A member 1";"SCGB3A1"
"157";553;-250;"NM_052863";"-";"chr5";180018736;180018736;"*";0,000110154739502165;0,0217490788126805;-36,995854151164;"HYPO";"92304";"secretoglobin family 3A member 1";"SCGB3A1"
"158";554;-252;"NM_052863";"-";"chr5";180018738;180018738;"*";5,63800064481573e-05;0,017472403913205;-46,8544174426527;"HYPO";"92304";"secretoglobin family 3A member 1";"SCGB3A1"
"159";555;-264;"NM_052863";"-";"chr5";180018750;180018750;"*";0,000352033317595053;0,0353577359367858;-42,2038980509745;"HYPO";"92304";"secretoglobin family 3A member 1";"SCGB3A1"
"160";556;-269;"NM_052863";"-";"chr5";180018755;180018755;"*";0,00012218906821207;0,0223298451647771;-44,0361712400418;"HYPO";"92304";"secretoglobin family 3A member 1";"SCGB3A1"
"161";557;-284;"NM_052863";"-";"chr5";180018770;180018770;"*";0,000433291512512485;0,0385139482492855;-37,7228975725735;"HYPO";"92304";"secretoglobin family 3A member 1";"SCGB3A1"
"162";567;235;"NM_001278711";"-";"chr6";6004043;6004043;"*";4,72209985950465e-05;0,0164314151780729;-34,2586167013648;"HYPO";"51299";"neuritin 1";"NRN1"
"163";568;211;"NM_001278711";"-";"chr6";6004067;6004067;"*";0,000147872535959014;0,0243371460170737;-37,3805060918463;"HYPO";"51299";"neuritin 1";"NRN1"
"164";569;177;"NM_001278711";"-";"chr6";6004101;6004101;"*";2,38965993186804e-05;0,0132596539952853;-38,0915971578622;"HYPO";"51299";"neuritin 1";"NRN1"
"165";570;163;"NM_001278711";"-";"chr6";6004115;6004115;"*";0,000113829161079711;0,0217721081029724;-32,9377775655413;"HYPO";"51299";"neuritin 1";"NRN1"
"166";571;153;"NM_001278711";"-";"chr6";6004125;6004125;"*";9,85544785501712e-05;0,0204340961896444;-29,958071278826;"HYPO";"51299";"neuritin 1";"NRN1"
"167";572;150;"NM_001278711";"-";"chr6";6004128;6004128;"*";8,35852410562064e-05;0,0190369664518375;-31,2993854258121;"HYPO";"51299";"neuritin 1";"NRN1"
"168";573;138;"NM_001278711";"-";"chr6";6004140;6004140;"*";3,03017639104164e-05;0,0145133469960365;-34,3483709273183;"HYPO";"51299";"neuritin 1";"NRN1"
"169";574;124;"NM_001278711";"-";"chr6";6004154;6004154;"*";1,57772630635454e-05;0,0112099378122961;-37,4688440051569;"HYPO";"51299";"neuritin 1";"NRN1"
"170";575;118;"NM_001278711";"-";"chr6";6004160;6004160;"*";3,16999612341891e-05;0,0145133469960365;-39,3420321014197;"HYPO";"51299";"neuritin 1";"NRN1"
"171";578;375;"NM_001242768";"+";"chr6";151187842;151187842;"*";0,000135643413673574;0,0231755324558645;-27,7908330686991;"HYPO";"25902";"methylenetetrahydrofolate dehydrogenase (NADP+ dependent) 1 like";"MTHFD1L"
"172";579;382;"NM_001242768";"+";"chr6";151187849;151187849;"*";0,000310907508624734;0,0338289229011972;-25,0794232978603;"HYPO";"25902";"methylenetetrahydrofolate dehydrogenase (NADP+ dependent) 1 like";"MTHFD1L"
"173";580;388;"NM_001242768";"+";"chr6";151187855;151187855;"*";0,000311792579182399;0,0338289229011972;-26,4775160599572;"HYPO";"25902";"methylenetetrahydrofolate dehydrogenase (NADP+ dependent) 1 like";"MTHFD1L"
"174";602;823;"NR_024271";"-";"chr7";45807795;45807795;"*";4,65635245988505e-06;0,00851589008647982;20,5239687848383;"HYPER";"641977";"septin 7 pseudogene 2";"SEPTIN7P2"
"175";603;917;"NM_198570";"+";"chr7";49814172;49814172;"*";0,000151757383095098;0,0247969237641911;-33,8637199231995;"HYPO";"375567";"von Willebrand factor C domain containing 2";"VWC2"
"176";604;966;"NM_198570";"+";"chr7";49814221;49814221;"*";0,000527554886098329;0,0429879759074977;-32,2251481237656;"HYPO";"375567";"von Willebrand factor C domain containing 2";"VWC2"
"177";605;998;"NM_198570";"+";"chr7";49814253;49814253;"*";0,000405329999344938;0,0376794316019291;-30,0146198830409;"HYPO";"375567";"von Willebrand factor C domain containing 2";"VWC2"
"178";608;-248;"NM_022479";"+";"chr7";70597275;70597275;"*";0,000299808408723707;0,0334162111431057;-31,0544201755892;"HYPO";"64409";"polypeptide N-acetylgalactosaminyltransferase 17";"GALNT17"
"179";609;668;"NM_199000";"+";"chr7";103969770;103969770;"*";0,000157438200396349;0,0251283846523414;-25,7838607281779;"HYPO";"375612";"LHFPL tetraspan subfamily member 3";"LHFPL3"
"180";610;678;"NM_199000";"+";"chr7";103969780;103969780;"*";4,46995272799868e-05;0,0163344805661357;-31,1583182840668;"HYPO";"375612";"LHFPL tetraspan subfamily member 3";"LHFPL3"
"181";620;369;"NM_001111097";"+";"chr8";56792753;56792753;"*";0,000104244362740643;0,0212106389844192;-25,833878351864;"HYPO";"4067";"LYN proto-oncogene, Src family tyrosine kinase";"LYN"
"182";621;397;"NM_001111097";"+";"chr8";56792781;56792781;"*";0,000254646672741045;0,0313000515764531;-21,7408951294427;"HYPO";"4067";"LYN proto-oncogene, Src family tyrosine kinase";"LYN"
"183";622;445;"NM_001111097";"+";"chr8";56792829;56792829;"*";1,26096254510366e-05;0,0106472753337434;-24,3693761372932;"HYPO";"4067";"LYN proto-oncogene, Src family tyrosine kinase";"LYN"
"184";623;448;"NM_001111097";"+";"chr8";56792832;56792832;"*";0,000207703819565004;0,0286833205683121;-21,8633066055746;"HYPO";"4067";"LYN proto-oncogene, Src family tyrosine kinase";"LYN"
"185";625;32;"NM_033126";"-";"chr8";87081820;87081820;"*";0,000415729959345027;0,0379049434919561;-29,2857142857143;"HYPO";"85481";"protein serine kinase H2";"PSKH2"
"186";642;378;"NM_005458";"-";"chr9";101471102;101471102;"*";0,000181505934029585;0,027045776799058;-28,3294392523364;"HYPO";"9568";"gamma-aminobutyric acid type B receptor subunit 2";"GABBR2"
"187";651;-457;"NM_173520";"+";"chr9";138234638;138234638;"*";0,000316860914032695;0,0338289229011972;-22,9688414953617;"HYPO";"157927";"long intergenic non-protein coding RNA 2907";"LINC02907"
